,Indnum,Carbon_Usage,Quality_Of_Life
0,1,3.3808541420634914,39.46666666666667
1,2,3.8386799107142853,39.75
2,3,3.4706754217687075,43.714285714285715
3,4,5.212552757936508,42.333333333333336
4,5,4.384821316849817,42.76923076923077
5,6,2.868997276556776,46.38461538461539
6,7,3.673587349999999,41.666666666666664
7,8,4.812590831168831,43.72727272727273
8,9,4.806452761904761,41.61538461538461
9,10,3.871215534013605,48.5
10,11,4.464736276785715,47.583333333333336
11,12,3.5303965520833334,41.0
12,13,4.603454639880952,39.75
13,14,3.244871641156462,46.285714285714285
14,15,4.156876181122448,46.714285714285715
15,16,2.8505344175824168,48.76923076923077
16,17,5.563284073260073,46.46153846153846
17,18,3.151531707482993,42.5
18,19,3.854012095238095,45.5
19,20,3.2416225340136053,43.0
20,21,5.814648551948052,44.54545454545455
21,22,4.297966249999999,41.92857142857143
22,23,2.8570118888888882,46.266666666666666
23,24,5.299692274725275,44.53846153846154
24,25,2.924081193223443,46.30769230769231
25,26,2.92460893877551,43.214285714285715
26,27,4.3947724089635845,42.23529411764706
27,28,3.8743414431216934,38.72222222222222
28,29,3.8235396439393936,44.90909090909091
29,30,3.845695102564102,42.46153846153846
30,31,4.379869293956044,43.38461538461539
31,32,6.562460915750915,44.53846153846154
32,33,3.972346716666667,45.733333333333334
33,34,5.123626456349205,46.333333333333336
34,35,2.411566927827381,47.3125
35,36,3.394504707792208,41.27272727272727
36,37,5.0648668745421235,44.61538461538461
37,38,5.094815244047619,40.833333333333336
38,39,4.466715093537414,43.285714285714285
39,40,4.781488282051281,40.92307692307692
40,41,4.78273156547619,39.833333333333336
41,42,3.9291591208791203,45.69230769230769
42,43,4.057193261904762,43.2
43,44,3.7039207952380955,43.333333333333336
44,45,4.041323238945578,41.42857142857143
45,46,5.225656051587301,42.916666666666664
46,47,3.1513585892857137,49.166666666666664
47,48,4.533914945054945,45.61538461538461
48,49,3.8345347420634925,47.583333333333336
49,50,3.420368805555555,42.166666666666664
50,51,4.426885647959184,38.07142857142857
51,52,6.908374,39.42857142857143
52,53,3.0186636096938777,50.5
53,54,5.495272343253969,40.166666666666664
54,55,4.763286481292518,47.285714285714285
55,56,4.905865922619046,44.25
56,57,2.796305981292517,43.357142857142854
57,58,3.548313865079365,41.86666666666667
58,59,5.120722072420635,47.666666666666664
59,60,4.745479811507937,43.666666666666664
60,61,3.9564088063492053,40.06666666666667
61,62,3.563321829670329,41.46153846153846
62,63,3.1395661468253966,39.666666666666664
63,64,3.1676875879120883,46.84615384615385
64,65,5.645002910714287,49.333333333333336
65,66,5.077112154761905,42.142857142857146
66,67,4.4369723174603175,46.833333333333336
67,68,5.169017994047619,40.916666666666664
68,69,4.4403383750000005,42.833333333333336
69,70,3.8461287757936513,45.583333333333336
70,71,2.6957702180059524,43.375
71,72,4.184330518707482,47.0
72,73,3.697567722527473,41.53846153846154
73,74,5.237093720238096,40.416666666666664
74,75,4.830348363636364,43.45454545454545
75,76,5.1941879542124525,43.53846153846154
76,77,4.467030331632652,41.5
77,78,5.169763078231291,47.57142857142857
78,79,4.707197638888888,42.333333333333336
79,80,4.823246183673469,48.214285714285715
80,81,5.991482179653681,43.45454545454545
81,82,3.232340945578232,38.285714285714285
82,83,3.196634923469388,45.142857142857146
83,84,5.033927133699634,40.46153846153846
84,85,3.728409403061224,44.42857142857143
85,86,3.5307275119047614,43.166666666666664
86,87,3.666250693650793,48.2
87,88,3.3244293979591832,45.785714285714285
88,89,4.460075855311355,44.84615384615385
89,90,2.524348007936508,40.06666666666667
90,91,3.718773183333332,43.0
91,92,3.4504935476190473,43.083333333333336
92,93,3.090846951465201,43.30769230769231
93,94,4.384132291208791,40.15384615384615
94,95,5.303357034798533,41.69230769230769
95,96,2.866242913690477,42.3125
96,97,3.6046918541666666,47.666666666666664
97,98,5.0683298589743595,40.0
98,99,4.434539543956044,41.61538461538461
99,100,5.979794338435374,41.857142857142854
100,101,5.5373421565934065,44.61538461538461
101,102,4.221695528571428,43.2
102,103,2.7270967782738103,43.0625
103,104,7.007409673076925,48.76923076923077
104,105,4.656157637362638,40.76923076923077
105,106,3.070632493197279,42.357142857142854
106,107,3.3450896590136048,43.0
107,108,3.2965773589743597,41.23076923076923
108,109,4.680613399206348,42.4
109,110,4.589751476190476,38.733333333333334
110,111,3.781225373299319,47.785714285714285
111,112,4.230853928571428,48.416666666666664
112,113,3.4602747655677653,47.53846153846154
113,114,5.301741275793651,46.833333333333336
114,115,4.918170953231291,47.857142857142854
115,116,3.857026423076923,45.53846153846154
116,117,4.727391890109889,44.53846153846154
117,118,2.9606322820512827,45.07692307692308
118,119,4.2780062253401345,43.142857142857146
119,120,2.9216651936507936,43.53333333333333
120,121,3.329282386054422,46.785714285714285
121,122,4.103801293197279,45.714285714285715
122,123,5.866950999007936,40.5
123,124,4.584766225274723,47.30769230769231
124,125,4.820668451465202,44.38461538461539
125,126,5.351338404761905,42.61538461538461
126,127,5.91438380952381,44.09090909090909
127,128,3.5934620586080586,44.23076923076923
128,129,3.5099367420634917,40.416666666666664
129,130,3.186408527777777,46.75
130,131,4.315064968864468,43.92307692307692
131,132,4.047336787698412,38.583333333333336
132,133,3.789029281385281,43.72727272727273
133,134,3.9781087559523804,46.083333333333336
134,135,3.981269292658729,43.666666666666664
135,136,5.1960829706959695,40.69230769230769
136,137,4.943150233766233,42.81818181818182
137,138,4.145727171130952,46.5
138,139,3.372299944940476,43.3125
139,140,3.9830988424908425,40.46153846153846
140,141,3.0945263974358963,42.23076923076923
141,142,4.623025857142857,41.69230769230769
142,143,4.288316893772894,47.76923076923077
143,144,6.040878857142855,44.75
144,145,4.139780032967033,49.61538461538461
145,146,4.997265386904761,42.75
146,147,5.740885060439561,39.07692307692308
147,148,7.169142736263735,44.0
148,149,3.927502078571429,40.93333333333333
149,150,4.065807276190475,43.53333333333333
150,151,3.5498793956043952,38.07692307692308
151,152,4.43965987755102,48.214285714285715
152,153,5.072150077380953,48.416666666666664
153,154,5.490665564102563,41.46153846153846
154,155,4.786293610119047,46.416666666666664
155,156,3.932795202380952,46.285714285714285
156,157,3.6927889816849815,45.84615384615385
157,158,6.5360610873015865,44.06666666666667
158,159,5.53614028968254,38.75
159,160,5.463605869047619,49.166666666666664
160,161,3.053363064732143,48.9375
161,162,4.066923043956043,44.38461538461539
162,163,3.7208267585034007,46.92857142857143
163,164,4.707784056776557,41.07692307692308
164,165,5.590735021825398,41.75
165,166,4.947308284013603,42.642857142857146
166,167,4.5166640099206345,48.583333333333336
167,168,5.0151880170068015,45.0
168,169,2.7112242395833333,45.6875
169,170,4.658009756410257,39.15384615384615
170,171,5.469313571428572,43.63636363636363
171,172,5.276493871031746,40.833333333333336
172,173,4.577011910714286,47.5
173,174,2.6574586746031748,49.2
174,175,2.751215206349206,46.13333333333333
175,176,4.596948626984128,47.06666666666667
176,177,4.342877341269841,46.0
177,178,3.4686790183150182,44.84615384615385
178,179,3.790072761904762,45.13333333333333
179,180,5.095752642857142,48.0
180,181,3.6033848379120874,41.53846153846154
181,182,4.9928356349206355,51.416666666666664
182,183,3.235643494505494,42.92307692307692
183,184,5.309596523809524,41.92307692307692
184,185,3.799234838095238,45.733333333333334
185,186,4.686075481292518,38.857142857142854
186,187,2.4141422589285715,40.9375
187,188,3.2132520219780223,40.53846153846154
188,189,3.3769594452380955,46.8
189,190,3.4784594305555547,44.333333333333336
190,191,3.449016339285713,47.166666666666664
191,192,5.881041761904762,42.083333333333336
192,193,3.4575337284226184,39.8125
193,194,5.153433549603174,38.5
194,195,5.446908379120879,44.0
195,196,6.053496494897958,43.642857142857146
196,197,5.145047312271061,43.38461538461539
197,198,3.3086359404761905,42.857142857142854
198,199,4.02103520734127,43.75
199,200,3.8546721098901098,45.46153846153846
200,201,3.829602376373626,42.92307692307692
201,202,3.1272578792517005,48.07142857142857
202,203,2.8252307179487177,43.30769230769231
203,204,3.576890382539682,42.266666666666666
204,205,3.5204727023809523,42.3125
205,206,3.2933231,46.93333333333333
206,207,3.5308411896825396,43.2
207,208,5.0203664945054935,42.30769230769231
208,209,4.124878416666666,39.285714285714285
209,210,4.511285987179487,44.30769230769231
210,211,3.1588577564102565,43.30769230769231
211,212,4.231460272727272,49.27272727272727
212,213,3.873618736111111,41.888888888888886
213,214,4.4970170892857135,41.083333333333336
214,215,3.5755226615646265,38.92857142857143
215,216,3.608583950396825,49.25
216,217,4.238659705627705,44.63636363636363
217,218,3.8689736632653053,49.785714285714285
218,219,3.342966806547619,42.333333333333336
219,220,3.859587223443223,44.76923076923077
220,221,4.605899605442176,47.57142857142857
221,222,4.416452311111111,43.46666666666667
222,223,5.486248934065935,36.38461538461539
223,224,4.703017605442176,37.142857142857146
224,225,3.795933728174603,41.083333333333336
225,226,4.526748365646258,44.285714285714285
226,227,3.681933058608059,42.38461538461539
227,228,4.93509643707483,38.285714285714285
228,229,4.226196704931972,43.5
229,230,6.654220630158731,48.53333333333333
230,231,3.4207518636363634,43.0
231,232,3.4922731369047617,47.583333333333336
232,233,3.099516536564625,40.642857142857146
233,234,5.132448679487179,46.46153846153846
234,235,3.3453502619047626,40.916666666666664
235,236,4.442767082417582,44.92307692307692
236,237,3.761957716269842,42.0
237,238,4.038979094444445,40.0
238,239,4.303896748412698,41.266666666666666
239,240,4.072219137362636,42.76923076923077
240,241,3.5867446134920633,43.46666666666667
241,242,4.646780212121213,43.54545454545455
242,243,4.0895734862637365,44.76923076923077
243,244,2.8867129115646257,39.92857142857143
244,245,3.9672723611111107,50.583333333333336
245,246,4.983487114583334,42.3125
246,247,4.975723706349206,41.166666666666664
247,248,4.138057944444444,42.916666666666664
248,249,5.255420587912086,42.92307692307692
249,250,2.9173000102040816,45.642857142857146
250,251,4.967521930402929,45.61538461538461
251,252,5.491974895604395,46.23076923076923
252,253,4.338546811011905,41.4375
253,254,5.2906898553113555,39.15384615384615
254,255,4.447000054563492,48.75
255,256,4.399001276190476,43.8
256,257,4.521777141941391,42.07692307692308
257,258,5.996520289682539,42.333333333333336
258,259,4.830946996825397,39.266666666666666
259,260,5.135868467532467,43.18181818181818
260,261,4.163046023809524,46.785714285714285
261,262,3.0814029693877543,40.357142857142854
262,263,4.303394880952381,45.833333333333336
263,264,5.05649996103896,41.72727272727273
264,265,3.9712863660714284,44.833333333333336
265,266,4.185950947278912,44.785714285714285
266,267,3.263090429487179,43.15384615384615
267,268,5.124691517006803,48.07142857142857
268,269,3.240305255952381,41.416666666666664
269,270,3.743909695578232,46.357142857142854
270,271,2.6165860888888886,48.2
271,272,3.5320659307359303,39.09090909090909
272,273,2.4254980329131652,46.411764705882355
273,274,4.23599303113553,45.69230769230769
274,275,3.471578957482993,47.07142857142857
275,276,5.598385954212454,44.69230769230769
276,277,5.0232970306122455,43.92857142857143
277,278,3.4918289948979586,47.42857142857143
278,279,3.896282005102041,41.42857142857143
279,280,3.180829725274725,43.69230769230769
280,281,4.214239119047619,42.0
281,282,2.838628808035714,43.5625
282,283,5.273375081501831,44.53846153846154
283,284,5.015237676870749,39.714285714285715
284,285,2.9188308910256406,45.92307692307692
285,286,4.981156743589745,43.38461538461539
286,287,6.521572541125542,40.81818181818182
287,288,4.755743438095238,45.2
288,289,4.295883035714285,38.3125
289,290,3.652339798412698,39.93333333333333
290,291,4.327982349206349,43.6
291,292,2.966299202380952,37.5
292,293,3.7026782765567767,42.61538461538461
293,294,5.5075095439560435,46.53846153846154
294,295,5.553769944805195,42.54545454545455
295,296,3.4578199727891152,45.214285714285715
296,297,4.216519092857142,45.86666666666667
297,298,4.369923212454212,47.92307692307692
298,299,5.734156634920635,42.75
299,300,4.670823380952381,47.69230769230769
300,301,3.89372128125,39.5
301,302,4.625134021825397,46.583333333333336
302,303,5.2227121198979605,47.92857142857143
303,304,3.463598558608058,45.30769230769231
304,305,5.072400733766234,47.0
305,306,4.185461183673469,38.07142857142857
306,307,5.194679692460317,43.416666666666664
307,308,5.384289690476191,45.083333333333336
308,309,5.419435004960316,45.583333333333336
309,310,4.724907692307692,43.84615384615385
310,311,3.465648931746032,44.333333333333336
311,312,3.2131021355311353,42.53846153846154
312,313,3.9141538809523806,42.84615384615385
313,314,4.0012141098901095,43.53846153846154
314,315,3.753652972527472,40.84615384615385
315,316,3.871807166666667,43.92307692307692
316,317,5.760696609126982,42.416666666666664
317,318,3.4241356611721607,46.46153846153846
318,319,4.686316351648352,40.84615384615385
319,320,4.850625083333333,37.666666666666664
320,321,3.926051455555555,40.2
321,322,4.915491744897959,40.0
322,323,5.7794302792207795,44.27272727272727
323,324,4.360742551587301,43.916666666666664
324,325,5.526483159722222,45.75
325,326,3.942866377777777,40.733333333333334
326,327,3.8731392756410257,43.0
327,328,3.325794448979592,38.57142857142857
328,329,3.4824819027777765,41.5
329,330,2.9573483758503403,43.42857142857143
330,331,4.666689858058608,47.76923076923077
331,332,3.7098326241496595,44.357142857142854
332,333,4.549279948660716,41.375
333,334,3.4825776373626365,48.15384615384615
334,335,3.3512765337301587,45.666666666666664
335,336,4.060624879251701,49.714285714285715
336,337,5.340505299450549,43.38461538461539
337,338,4.939601928571428,40.30769230769231
338,339,3.7017206000000007,39.0
339,340,5.542059576923078,45.0
340,341,5.53229552056277,40.81818181818182
341,342,5.493658307692306,44.46153846153846
342,343,4.391627648351649,40.69230769230769
343,344,5.1124755384615375,46.46153846153846
344,345,3.644228782967033,47.07692307692308
345,346,4.117309575396825,50.083333333333336
346,347,3.4350211071428567,47.083333333333336
347,348,3.5792470366300364,41.15384615384615
348,349,3.873270096825397,38.46666666666667
349,350,4.382326282312925,46.57142857142857
350,351,4.951888531135531,42.61538461538461
351,352,2.483601044444444,41.333333333333336
352,353,3.8708041595238094,45.06666666666667
353,354,3.8949210695970695,38.23076923076923
354,355,3.985288330357143,43.4375
355,356,5.439853630952381,41.75
356,357,6.161610553030303,40.54545454545455
357,358,3.1877522330827066,43.26315789473684
358,359,3.989540298412699,43.266666666666666
359,360,4.941435421768708,48.642857142857146
360,361,4.592909061904761,41.53333333333333
361,362,3.292254793040293,40.69230769230769
362,363,4.299442571428572,47.0
363,364,3.345163243197279,45.714285714285715
364,365,3.9726652399267404,41.07692307692308
365,366,3.6799595257936506,48.0
366,367,3.9501429322344324,44.53846153846154
367,368,4.068373421245421,47.46153846153846
368,369,2.9359228511904756,48.57142857142857
369,370,4.782946952380953,45.4
370,371,3.0472720586080584,43.30769230769231
371,372,3.8980507234432236,36.84615384615385
372,373,5.70149535218254,43.25
373,374,4.465419166666666,40.0
374,375,5.23594981043956,50.0
375,376,5.253901994047619,45.666666666666664
376,377,4.341445948717949,47.07692307692308
377,378,4.308744833333333,50.0
378,379,5.434164948717948,40.46153846153846
379,380,3.2267294999999994,46.833333333333336
380,381,5.129270649350649,45.18181818181818
381,382,3.250655423469387,41.357142857142854
382,383,5.2257114484126985,46.46666666666667
383,384,3.2992134132653064,38.5
384,385,2.9722273384353737,43.714285714285715
385,386,4.6345434826839815,42.90909090909091
386,387,3.346506877289377,46.0
387,388,5.7851917585034,45.714285714285715
388,389,5.5473003983516485,44.38461538461539
389,390,6.0064764732142875,40.1875
390,391,3.261630624542124,46.53846153846154
391,392,3.0722043690476184,47.416666666666664
392,393,3.442280445054945,39.92307692307692
393,394,4.191873078231292,41.07142857142857
394,395,3.9914927792207777,46.63636363636363
395,396,3.3361941208791213,46.07692307692308
396,397,5.43265465,37.93333333333333
397,398,5.378265893772893,42.23076923076923
398,399,3.715252784013605,41.42857142857143
399,400,4.182355172161172,40.07692307692308
400,401,4.003127911904762,48.733333333333334
401,402,4.559177916666667,41.666666666666664
402,403,4.951565931547619,48.583333333333336
403,404,3.016274198979592,40.0
404,405,3.241353882783883,41.61538461538461
405,406,3.2057988749999997,47.666666666666664
406,407,3.1069245442176867,43.642857142857146
407,408,4.956780468253967,48.333333333333336
408,409,3.3904380392156863,45.294117647058826
409,410,5.039345884615385,41.92307692307692
410,411,5.064819158730158,45.166666666666664
411,412,4.5463323313492054,40.0
412,413,4.464972159013606,38.785714285714285
413,414,3.598018850793651,52.0
414,415,3.5545098482142854,47.416666666666664
415,416,2.616610644345238,41.375
416,417,5.380620384126985,42.733333333333334
417,418,4.2078472602040815,41.92857142857143
418,419,3.2776671349206343,49.416666666666664
419,420,3.4114064851190475,40.75
420,421,4.688245306776557,46.61538461538461
421,422,3.8816030897435896,43.61538461538461
422,423,3.5437966526610647,42.294117647058826
423,424,2.7919783206349202,43.86666666666667
424,425,4.4535715109890095,42.84615384615385
425,426,5.225527817460318,48.083333333333336
426,427,2.760142605442177,39.785714285714285
427,428,4.206910576530612,42.0
428,429,3.096924915750916,48.30769230769231
429,430,6.40335215934066,47.23076923076923
430,431,4.8116229948979585,44.714285714285715
431,432,4.303942192640691,41.54545454545455
432,433,4.099518278571428,42.13333333333333
433,434,4.72328891111111,40.8
434,435,7.030430020408162,46.357142857142854
435,436,3.103744282539682,44.53333333333333
436,437,3.748924030753969,48.416666666666664
437,438,5.460605569444444,46.166666666666664
438,439,3.603618725274725,38.69230769230769
439,440,4.144724485347985,44.92307692307692
440,441,4.218206455627706,44.54545454545455
441,442,2.9685534304029306,46.92307692307692
442,443,2.7815278911564625,40.0
443,444,5.473488813186814,39.53846153846154
444,445,3.875373778388278,39.69230769230769
445,446,3.5000340091575093,37.38461538461539
446,447,3.960091331632653,40.57142857142857
447,448,3.058371673469388,44.42857142857143
448,449,4.062983083333333,45.875
449,450,3.107839661564626,42.92857142857143
450,451,4.677484552721088,43.57142857142857
451,452,4.519446073260073,46.30769230769231
452,453,4.042625129960317,46.916666666666664
453,454,4.03171589010989,48.23076923076923
454,455,3.5552089077380953,44.5
455,456,4.894185761904761,45.583333333333336
456,457,2.9359484770408164,37.714285714285715
457,458,4.851481338827838,42.23076923076923
458,459,6.117047298701298,42.63636363636363
459,460,3.4346983936507933,38.13333333333333
460,461,5.763593478174602,41.416666666666664
461,462,2.9073848424908424,41.84615384615385
462,463,3.9236824791666662,45.75
463,464,5.053721397435898,42.76923076923077
464,465,3.722437177489177,44.63636363636363
465,466,4.925498183673469,38.214285714285715
466,467,3.016792659340659,39.92307692307692
467,468,4.46406244047619,42.75
468,469,4.571756590277778,44.916666666666664
469,470,4.713213115384615,43.69230769230769
470,471,3.4944654982993195,41.57142857142857
471,472,4.511541677655678,45.61538461538461
472,473,4.052010268315018,39.92307692307692
473,474,4.642265184126985,42.333333333333336
474,475,2.8276833061224487,42.785714285714285
475,476,4.469365268707483,47.07142857142857
476,477,3.226723851648351,47.84615384615385
477,478,3.864797520408164,52.42857142857143
478,479,3.809779779761905,46.642857142857146
479,480,3.7084155428571424,36.4
480,481,5.714803109126984,38.916666666666664
481,482,4.725005250793651,46.86666666666667
482,483,5.421531931547619,46.5
483,484,3.504365765079365,46.333333333333336
484,485,3.901471909340659,39.84615384615385
485,486,4.639302787698413,44.916666666666664
486,487,5.0331911804029295,40.23076923076923
487,488,4.793115985347986,40.69230769230769
488,489,5.9564491212121204,42.45454545454545
489,490,4.862590806122448,46.285714285714285
490,491,6.053749053571427,44.75
491,492,3.788091123015873,42.666666666666664
492,493,3.33621681845238,43.0
493,494,4.780785492673993,45.76923076923077
494,495,4.139746966269842,43.833333333333336
495,496,3.93186865018315,46.92307692307692
496,497,3.275830250793651,49.8
497,498,5.0150133611111105,43.583333333333336
498,499,3.347391921245421,38.76923076923077
499,500,4.068109447278911,46.214285714285715
500,501,2.6956345523809526,44.333333333333336
501,502,4.146667547619048,42.53846153846154
502,503,4.4336703699633695,42.15384615384615
503,504,3.3082406111111102,48.416666666666664
504,505,5.387437211538461,39.76923076923077
505,506,5.62198340909091,40.90909090909091
506,507,5.5490158315018325,43.07692307692308
507,508,5.029745853479853,42.69230769230769
508,509,4.292307469387755,41.92857142857143
509,510,4.612532915750916,51.76923076923077
510,511,4.272282269230769,41.84615384615385
511,512,3.003651133699633,45.53846153846154
512,513,6.251947512987012,40.18181818181818
513,514,4.704690159340659,40.23076923076923
514,515,3.0020491768707482,45.42857142857143
515,516,4.640975917582417,47.76923076923077
516,517,4.055405571428571,40.266666666666666
517,518,4.402822773809524,47.666666666666664
518,519,3.3345501355311353,45.84615384615385
519,520,2.556096566666667,42.53333333333333
520,521,3.688128076923076,46.15384615384615
521,522,4.368182653846153,44.76923076923077
522,523,3.7894595484693876,43.92857142857143
523,524,3.593028684981685,48.0
524,525,4.200243590277778,42.833333333333336
525,526,2.7039296768707475,41.92857142857143
526,527,3.10797705952381,43.46666666666667
527,528,2.7302542899159654,43.88235294117647
528,529,5.587125366883116,44.0
529,530,5.679696728174602,39.083333333333336
530,531,4.508363344155844,44.45454545454545
531,532,4.733122613553113,41.76923076923077
532,533,5.208637813186813,41.30769230769231
533,534,5.4304264999999985,43.833333333333336
534,535,5.653753879960316,42.916666666666664
535,536,3.4605118809523807,45.214285714285715
536,537,4.352101660714285,44.166666666666664
537,538,4.393600664682539,42.916666666666664
538,539,4.057694196969697,41.45454545454545
539,540,4.0595022063492054,45.166666666666664
540,541,4.4120449146825385,43.416666666666664
541,542,6.0633818690476184,47.083333333333336
542,543,4.018628534013606,46.642857142857146
543,544,3.8973218115079367,41.75
544,545,4.956229331632652,43.07142857142857
545,546,3.4449845109890114,42.69230769230769
546,547,4.260584088888888,38.733333333333334
547,548,3.833065540816326,43.0
548,549,4.319738797619047,46.46153846153846
549,550,4.9459980932539676,42.416666666666664
550,551,4.0844301870748305,43.714285714285715
551,552,3.763743994047618,43.166666666666664
552,553,5.192687551587301,42.583333333333336
553,554,3.816695212121212,42.27272727272727
554,555,4.307024556547619,43.666666666666664
555,556,3.0031038516483517,51.53846153846154
556,557,3.025217485119047,42.25
557,558,5.842071660714283,43.0
558,559,4.130220971428572,43.13333333333333
559,560,2.893453787545786,42.61538461538461
560,561,5.398117722222222,50.75
561,562,7.785583782051281,41.23076923076923
562,563,3.890175379251701,38.857142857142854
563,564,4.9163487783882776,44.53846153846154
564,565,6.509671504578754,46.30769230769231
565,566,3.1545529825396823,39.4
566,567,3.840450897959183,49.92857142857143
567,568,5.533554115384616,42.61538461538461
568,569,5.350479434065935,45.15384615384615
569,570,4.371264228174603,45.083333333333336
570,571,5.877688069444443,41.916666666666664
571,572,3.4659208710317455,44.916666666666664
572,573,3.4939257162698403,44.25
573,574,4.316061928571428,44.166666666666664
574,575,3.429138913265306,46.857142857142854
575,576,3.4138930289115637,38.214285714285715
576,577,5.261956799450549,43.07692307692308
577,578,3.4058854479166665,49.25
578,579,3.1380099246031747,39.416666666666664
579,580,4.579090257575758,44.36363636363637
580,581,4.6265098324175815,47.69230769230769
581,582,4.399444102040816,43.142857142857146
582,583,4.035704416666667,43.0
583,584,5.821329374458875,42.27272727272727
584,585,3.3923295287698405,44.25
585,586,2.845210112244898,51.07142857142857
586,587,4.650961115384616,48.76923076923077
587,588,5.414290736111112,39.916666666666664
588,589,4.61908155612245,44.714285714285715
589,590,4.609527593253968,45.0
590,591,4.1809474444444445,42.25
591,592,5.064639722222222,40.416666666666664
592,593,4.473894017399267,40.38461538461539
593,594,3.5521130901360545,51.214285714285715
594,595,5.839230322420634,40.5
595,596,4.464418206349207,45.46666666666667
596,597,4.833398764880952,40.5
597,598,3.8878694888888887,46.53333333333333
598,599,5.5235399340659335,39.07692307692308
599,600,4.04296556547619,39.25
600,601,5.156610256802721,47.92857142857143
601,602,3.730424858974359,39.84615384615385
602,603,6.61083005194805,44.90909090909091
603,604,3.391497251082251,39.18181818181818
604,605,3.6759488095238093,44.6
605,606,5.9006996380952375,37.86666666666667
606,607,4.930271403911566,49.642857142857146
607,608,4.248750421768707,47.42857142857143
608,609,4.915231898809523,51.42857142857143
609,610,2.9666170604395607,47.07692307692308
610,611,5.976624166666666,42.0
611,612,4.061712218614718,44.0
612,613,5.482175061507937,48.916666666666664
613,614,3.399239372294372,42.36363636363637
614,615,3.8622597326839827,40.09090909090909
615,616,2.9655896999999998,42.8
616,617,4.284022305860805,43.53846153846154
617,618,3.006254871794871,44.23076923076923
618,619,2.8184515937499994,45.375
619,620,4.688384241758242,43.0
620,621,3.3423315765306114,41.714285714285715
621,622,3.6338729285714284,41.07142857142857
622,623,3.5952144436507933,43.6
623,624,3.863860833333333,44.07692307692308
624,625,3.0007097875457873,41.76923076923077
625,626,4.500770787698412,45.416666666666664
626,627,3.3117147125850335,42.57142857142857
627,628,5.239784893772892,42.53846153846154
628,629,4.25839478937729,48.53846153846154
629,630,3.030122760204081,42.714285714285715
630,631,4.274786773015874,42.2
631,632,3.0550144374999992,48.3125
632,633,4.476242264455782,43.214285714285715
633,634,4.846253994047619,47.666666666666664
634,635,2.5684879817460313,45.86666666666667
635,636,4.0636088571428575,44.0
636,637,4.3149582244897955,42.0
637,638,7.042980928571427,44.5
638,639,3.932375172161172,45.53846153846154
639,640,3.311546586080586,49.84615384615385
640,641,2.9172787417582415,43.92307692307692
641,642,3.860059033333333,43.666666666666664
642,643,3.2749605306122445,42.857142857142854
643,644,4.1468152896825385,46.5
644,645,4.153411419047619,43.53333333333333
645,646,3.4622830095238095,35.8
646,647,2.802886438095238,45.13333333333333
647,648,4.372259730769231,48.30769230769231
648,649,5.154220269230768,40.0
649,650,3.4073011886446887,38.38461538461539
650,651,3.9430758018707484,46.285714285714285
651,652,3.7578978021978022,47.53846153846154
652,653,5.355510652777778,44.75
653,654,5.991562369047618,42.416666666666664
654,655,4.043672569727891,44.07142857142857
655,656,3.810493313492063,44.0
656,657,3.2229980684523807,45.5
657,658,3.216971431746032,46.0
658,659,4.0890947835497835,42.81818181818182
659,660,5.849632348484847,47.27272727272727
660,661,3.717211758597883,41.44444444444444
661,662,3.6730261648351643,40.84615384615385
662,663,4.631920935897435,46.92307692307692
663,664,4.915611623015873,45.416666666666664
664,665,4.257992053968254,48.6
665,666,2.809478534013605,41.07142857142857
666,667,3.6966522142857143,47.785714285714285
667,668,2.7392203877551013,43.785714285714285
668,669,4.625798912698412,43.25
669,670,2.726827645658263,40.23529411764706
670,671,4.083958523809523,48.15384615384615
671,672,4.224484741758241,42.30769230769231
672,673,5.263401694444444,48.083333333333336
673,674,4.566426525641026,44.07692307692308
674,675,6.231575316017314,42.27272727272727
675,676,4.9375928401360545,44.357142857142854
676,677,6.078805186813186,45.38461538461539
677,678,4.838585008503402,45.07142857142857
678,679,5.448784329670331,46.30769230769231
679,680,5.651809533333333,47.8
680,681,4.8484176291208785,41.07692307692308
681,682,4.290482699633699,45.23076923076923
682,683,4.827006613095237,44.285714285714285
683,684,3.3894724835164833,49.84615384615385
684,685,2.765917227678571,38.4375
685,686,4.2156286007326,39.84615384615385
686,687,2.6622359468253967,45.53333333333333
687,688,2.5578449666666665,43.2
688,689,2.8479606701680673,45.88235294117647
689,690,4.346979474358974,42.15384615384615
690,691,3.3887661232993196,49.0
691,692,3.429012081632653,46.214285714285715
692,693,3.695563351648352,39.92307692307692
693,694,5.1076877840136055,48.07142857142857
694,695,5.7740852986111095,39.0
695,696,3.0707519489795914,50.5
696,697,6.236705957792207,45.63636363636363
697,698,4.981253672619047,44.75
698,699,3.716809611904762,41.86666666666667
699,700,4.836315069597069,43.46153846153846
700,701,4.302417468864468,41.53846153846154
701,702,4.461183623015873,42.166666666666664
702,703,3.0544596841269835,37.93333333333333
703,704,4.898444469387756,47.785714285714285
704,705,4.02816815079365,49.666666666666664
705,706,5.843095326839827,39.09090909090909
706,707,2.789813575680271,42.07142857142857
707,708,5.667091132936506,44.583333333333336
708,709,5.385136958333334,49.583333333333336
709,710,5.4367014920634915,40.583333333333336
710,711,3.7016873730158726,46.06666666666667
711,712,3.7678199230769227,46.30769230769231
712,713,4.119517785714285,40.13333333333333
713,714,3.880772902930403,42.84615384615385
714,715,3.1831870785714282,43.8
715,716,3.392887404761905,44.2
716,717,5.177110621212122,42.36363636363637
717,718,5.565970344322343,39.30769230769231
718,719,4.809218377976191,47.916666666666664
719,720,3.633777739682539,41.733333333333334
720,721,4.113237826530613,41.07142857142857
721,722,4.936517556122449,45.357142857142854
722,723,2.956064541269841,45.06666666666667
723,724,5.322873137362636,40.0
724,725,4.49042833015873,49.2
725,726,3.8181258735119044,43.25
726,727,3.333704298469388,36.5
727,728,4.792261212454212,43.0
728,729,4.070029293040292,46.30769230769231
729,730,4.690547107936508,43.93333333333333
730,731,4.468657154761905,41.30769230769231
731,732,5.317681722943723,41.63636363636363
732,733,3.1547821170634918,46.333333333333336
733,734,5.914438952380952,40.75
734,735,3.2286436181318687,43.92307692307692
735,736,3.7807717912087915,46.07692307692308
736,737,3.0208996134920634,38.733333333333334
737,738,5.274639952380952,47.5
738,739,2.901859722527472,42.0
739,740,2.550649533333333,46.53333333333333
740,741,3.743999698979592,45.214285714285715
741,742,2.4937201174603176,38.0
742,743,5.524996252747251,39.0
743,744,4.3933333,42.333333333333336
744,745,3.551195683333333,38.266666666666666
745,746,5.210362632936508,42.0
746,747,2.408826254464285,43.375
747,748,4.634639615384615,47.07692307692308
748,749,3.721166926984127,44.06666666666667
749,750,3.8961194285714282,38.214285714285715
750,751,4.057675558608059,45.38461538461539
751,752,3.049818222789116,45.5
752,753,4.501202241758242,41.38461538461539
753,754,3.8995167,39.8
754,755,3.461933462797619,41.1875
755,756,4.759091207936508,43.2
756,757,4.370499561507937,45.166666666666664
757,758,3.119933028571429,42.13333333333333
758,759,3.6743227559523812,45.714285714285715
759,760,3.9217336587301586,44.25
760,761,5.3103368717948705,44.76923076923077
761,762,5.2111612435897445,48.0
762,763,4.24323074914966,40.642857142857146
763,764,3.6803032307692307,43.92307692307692
764,765,4.278431773809523,40.785714285714285
765,766,2.771592153061224,46.714285714285715
766,767,3.6493428333333333,40.166666666666664
767,768,3.8111344642857143,44.0
768,769,3.0707309047619042,46.93333333333333
769,770,3.7173299999999996,40.76923076923077
770,771,3.8171956448412696,48.666666666666664
771,772,5.1329248827838825,43.69230769230769
772,773,4.689985779220779,43.90909090909091
773,774,3.745023551282051,45.30769230769231
774,775,3.6810275428571426,40.6
775,776,5.620961987179489,41.07692307692308
776,777,3.5738665007936508,43.733333333333334
777,778,4.32693500915751,41.69230769230769
778,779,3.998793429421768,41.57142857142857
779,780,2.7703242346938772,40.785714285714285
780,781,4.484882849489796,43.92857142857143
781,782,4.7434538746031745,43.06666666666667
782,783,5.125554600732601,39.07692307692308
783,784,4.572606395604395,45.38461538461539
784,785,3.0475250858843537,42.5
785,786,4.52116212087912,42.46153846153846
786,787,5.504282009920634,41.75
787,788,3.2303870201465203,45.61538461538461
788,789,4.354461226190475,44.18181818181818
789,790,3.8909764107142855,43.5625
790,791,5.077373493506493,43.36363636363637
791,792,3.8371975311355317,46.61538461538461
792,793,5.441817826923076,44.92307692307692
793,794,4.360730428571428,42.92307692307692
794,795,5.074227166666668,41.72727272727273
795,796,5.4460800892857115,43.833333333333336
796,797,2.9245109514652015,44.76923076923077
797,798,5.020922034013604,49.142857142857146
798,799,5.813744077380953,46.0
799,800,2.6582820505952376,41.4375
800,801,5.2666330137362625,49.23076923076923
801,802,4.153393822222222,44.06666666666667
802,803,4.508927391941392,46.07692307692308
803,804,4.873122673469389,42.357142857142854
804,805,4.759118794871795,44.76923076923077
805,806,4.8208840138888895,43.666666666666664
806,807,2.971073464285714,43.07692307692308
807,808,3.8166086753246757,39.90909090909091
808,809,5.3328686026785705,37.0
809,810,5.154690210622709,44.38461538461539
810,811,6.219696845238095,41.07142857142857
811,812,5.6140334960317455,43.083333333333336
812,813,3.661427454212453,38.69230769230769
813,814,4.185868666666666,42.333333333333336
814,815,4.408038752747252,51.15384615384615
815,816,4.383134116883117,46.90909090909091
816,817,5.0777688489010995,44.69230769230769
817,818,6.570312935064933,43.81818181818182
818,819,3.405596161564626,45.0
819,820,5.879517873015872,46.46666666666667
820,821,3.3133065697278914,45.5
821,822,3.0681698824404764,46.0625
822,823,4.667910348901099,40.30769230769231
823,824,4.203116791666667,48.166666666666664
824,825,4.164438470588236,47.294117647058826
825,826,2.89337862585034,42.57142857142857
826,827,3.9782988385416664,44.4375
827,828,6.043738611111113,43.75
828,829,3.6657411394557817,46.714285714285715
829,830,5.454877402930402,44.0
830,831,3.866834207936508,42.53333333333333
831,832,3.617277602564102,49.0
832,833,3.3923292380952383,40.07692307692308
833,834,5.345553650183151,43.38461538461539
834,835,3.968369716269841,44.166666666666664
835,836,2.6074349269841273,44.2
836,837,4.59421560989011,47.07692307692308
837,838,2.7021236122448977,45.57142857142857
838,839,4.595200570578231,42.92857142857143
839,840,3.2786501904761907,42.166666666666664
840,841,3.680949076530612,46.214285714285715
841,842,4.470127624999999,41.0
842,843,5.190010857142856,43.07142857142857
843,844,4.718838624761904,46.46666666666667
844,845,6.077706341991341,45.27272727272727
845,846,3.6835223186813177,51.0
846,847,3.6121569393939383,43.27272727272727
847,848,4.531929496336995,43.53846153846154
848,849,2.9934439725274724,40.84615384615385
849,850,4.743017649659862,42.357142857142854
850,851,3.3936424294217695,44.0
851,852,5.134510556776556,47.38461538461539
852,853,4.889675499999999,40.30769230769231
853,854,4.92578677579365,40.916666666666664
854,855,3.744327153061224,43.0
855,856,5.405846678571428,41.42857142857143
856,857,5.265024121031746,41.916666666666664
857,858,4.069630477591036,48.588235294117645
858,859,3.450271136904762,42.833333333333336
859,860,2.996285357142857,42.357142857142854
860,861,3.230532221088435,41.57142857142857
861,862,3.947234804029303,39.07692307692308
862,863,3.465111,44.833333333333336
863,864,4.471748230158729,44.25
864,865,3.685732874603175,41.93333333333333
865,866,5.376289888888889,45.333333333333336
866,867,3.4870825746031744,43.86666666666667
867,868,5.904022695238096,44.2
868,869,5.105037109890109,41.15384615384615
869,870,4.242428654761905,38.357142857142854
870,871,3.2963263388278388,43.61538461538461
871,872,4.642580831746032,40.8
872,873,5.476479152014652,45.53846153846154
873,874,4.947265452380953,42.92857142857143
874,875,6.394693209956708,44.63636363636363
875,876,4.147561452380953,47.57142857142857
876,877,4.270576619047619,42.0625
877,878,4.538730698412698,47.2
878,879,4.356901359890109,39.69230769230769
879,880,4.128014893772894,39.23076923076923
880,881,4.772111712585035,41.142857142857146
881,882,5.151721763736264,43.23076923076923
882,883,4.808496957482993,48.142857142857146
883,884,3.3538374981684984,44.15384615384615
884,885,3.6290700025510203,40.785714285714285
885,886,4.933507535714286,45.75
886,887,2.8723713296703295,43.69230769230769
887,888,4.7079358593073595,40.36363636363637
888,889,4.069799061507936,43.916666666666664
889,890,3.929373702380952,42.357142857142854
890,891,2.5673200261904765,44.46666666666667
891,892,5.922626970238095,44.25
892,893,3.8094941523809522,45.8
893,894,3.598943958333333,46.5
894,895,3.8627085183150176,45.0
895,896,6.041443672619049,45.333333333333336
896,897,3.2933660357142855,47.375
897,898,4.402875518315019,45.07692307692308
898,899,4.936832841269841,42.833333333333336
899,900,4.871383452380952,44.07142857142857
900,901,4.946007924242424,42.72727272727273
901,902,3.2290720952380947,44.4
902,903,5.2857890238095235,42.18181818181818
903,904,4.976033602564103,45.69230769230769
904,905,4.996618653911563,43.714285714285715
905,906,3.6126963673469383,44.357142857142854
906,907,4.827201903911564,46.5
907,908,2.7031305918367345,40.92857142857143
908,909,3.248928948717948,45.15384615384615
909,910,3.405972443223443,39.84615384615385
910,911,3.6114711380952382,41.13333333333333
911,912,4.239810482142857,45.083333333333336
912,913,4.789239351648352,38.46153846153846
913,914,4.460652175170067,44.92857142857143
914,915,3.343402677721088,42.57142857142857
915,916,4.352617173160173,45.54545454545455
916,917,4.40636790909091,41.45454545454545
917,918,3.553731493506494,43.27272727272727
918,919,5.3444172554945055,47.53846153846154
919,920,4.3127301734693875,50.357142857142854
920,921,2.542723815873016,43.2
921,922,4.5226283553113555,39.38461538461539
922,923,5.279284672619047,37.75
923,924,6.44210191468254,41.083333333333336
924,925,3.6039721153846154,39.69230769230769
925,926,4.258917075091575,46.23076923076923
926,927,2.990471505555555,44.8
927,928,4.472594571428571,47.92307692307692
928,929,3.171649386554622,45.11764705882353
929,930,3.3434391125541114,38.81818181818182
930,931,3.13665184065934,48.92307692307692
931,932,2.757522243197279,46.785714285714285
932,933,3.6440823758503393,45.142857142857146
933,934,3.709888646520146,48.61538461538461
934,935,5.576147407738094,46.333333333333336
935,936,4.0570863974358975,47.84615384615385
936,937,4.170556883503401,43.07142857142857
937,938,2.3978145163690474,44.125
938,939,5.971789898809525,41.333333333333336
939,940,5.416032250000001,39.083333333333336
940,941,3.8492403443877548,43.357142857142854
941,942,4.078504187499999,46.5625
942,943,4.851487100000001,45.13333333333333
943,944,5.910037454365078,43.166666666666664
944,945,5.466037904761904,41.53846153846154
945,946,3.4221593591269834,44.083333333333336
946,947,5.3754594563492075,45.916666666666664
947,948,4.3864602619047615,50.42857142857143
948,949,3.3660627193877546,43.714285714285715
949,950,3.6203081648351647,46.53846153846154
950,951,4.558994222222222,48.5
951,952,5.7420391904761905,44.75
952,953,5.641747208333333,45.875
953,954,2.881989163492063,46.46666666666667
954,955,2.613370085714286,44.86666666666667
955,956,3.493077480519481,43.27272727272727
956,957,4.898535684981685,40.38461538461539
957,958,3.4590676768707476,40.0
958,959,5.718288646825396,43.166666666666664
959,960,4.595128631746032,44.46666666666667
960,961,4.317757426587302,43.5
961,962,4.01140584077381,43.9375
962,963,4.764826047619048,45.30769230769231
963,964,3.1165423443223443,39.69230769230769
964,965,3.7199360604395606,40.30769230769231
965,966,3.114375255555556,43.333333333333336
966,967,4.997651714285712,43.642857142857146
967,968,4.7806944065934065,42.30769230769231
968,969,2.7108476714285716,43.0
969,970,4.333115414965986,40.357142857142854
970,971,4.655428391941393,44.76923076923077
971,972,5.169382202380951,47.833333333333336
972,973,4.593089878787878,44.27272727272727
973,974,4.70065110989011,46.53846153846154
974,975,5.416809956043957,37.07692307692308
975,976,3.462422329931972,36.642857142857146
976,977,5.556586639194139,44.84615384615385
977,978,4.926119612244897,42.5
978,979,3.6339754175824175,51.0
979,980,5.833522956349207,46.0
980,981,4.694045902380952,43.2
981,982,3.7989349079365073,42.86666666666667
982,983,6.524071454761905,45.333333333333336
983,984,5.262659371031746,41.833333333333336
984,985,3.018338175824176,41.92307692307692
985,986,3.7051685833333337,42.333333333333336
986,987,4.176169049107143,39.8125
987,988,4.097999956043956,44.69230769230769
988,989,3.077484392857143,49.785714285714285
989,990,3.79466075,46.666666666666664
990,991,6.788641540816324,42.142857142857146
991,992,2.9495512124542125,43.53846153846154
992,993,3.9423724923469385,43.785714285714285
993,994,4.548560744897959,48.57142857142857
994,995,2.9226438385416666,40.5
995,996,4.131826705357143,39.875
996,997,4.277888169217687,41.285714285714285
997,998,3.3716540201465195,44.07692307692308
998,999,3.1370287060439557,41.46153846153846
999,1000,5.874086442460317,41.416666666666664
1000,1001,3.5212485943877545,42.285714285714285
1001,1002,4.12102644727891,48.214285714285715
